{
  "Machine Learning": {
    "beginner": {
      "mcq": [
        "",
        "1. **Q1:** What is the primary function of a Convolutional Neural Network (ConvNet)?",
        "   - Answer: The primary function of a ConvNet is to automatically extract features from input images, which can then be used for tasks such as classification or regression.",
        "",
        "2. **Q2:** How does Principal Component Analysis (PCA) differ from Linear Discriminant Analysis (LDA)?",
        "   - Answer: PCA is an unsupervised learning technique that transforms the data into a new coordinate system where the axes ( principal components ) are orthogonal and ordered by the amount of variance in the data. LDA, on the other hand, is a supervised learning technique that aims to find the linear combination of features that maximally separates the classes.",
        "",
        "3. **Q3:** What is the purpose of anomaly detection in MachineLearning?",
        "   - Answer: The purpose of anomaly detection in Machine Learning is to identify rare events or items that deviate from the norm. This can be useful in a variety of applications, such as network security (detected Denial of Service attacks), credit card processing (detected fraudulent transactions), and system health monitoring (detected system failures).",
        "",
        "4. **Q4:** What is the significance of feature scaling in Machine Learning?",
        "   - Answer: feature scaling is significant in Machine Learning because it ensures that the different features contribute equally to the distance measure. Without scaling, features with larger scales can dominate the distance calculation, leading to biased results. Scaling the features ensures that each feature contributes proportionally to the final distance or similarity measure.",
        "",
        "5. **Q5:** How does a Naive Bayes classifier work?",
        "   - Answer: A Naive Bayes Classifier works by assuming that the presence of a particular feature in a class is independent of the presence of any other feature. It calculates the probability of a data point belonging to each class using Bayes' theorem and then assigns the data point to the class with the highest probability.",
        "",
        "Each question has been answered step-by-step, ensuring clarity and completeness."
      ],
      "true_false": [
        "",
        "1. Can a Support Vector Machine (SVM) handle both numerical and categorical data?",
        "   - True: SVMs can be extended to handle both numerical and categorical data, though specific algorithms like kernel Fisher discriminant analysis or other methods are used.",
        "",
        "2. Is Linear Discriminant Analysis (LDA) the same as Quadratic Discriminant Analysis (QDA)?",
        "   - False: LDA assumes equal covariance matrices for all classes, while QDA does not assume this equality and allows different covariance matrices for each class.",
        "",
        "3. Can a Decision Tree be used to identify complex patterns in data?",
        "   - True: Decision trees can model complex relationships and interactions among features, making them useful for identifying intricate patterns in data.",
        "",
        "Correct Answers:",
        "1. True",
        "2. False",
        "3. True",
        "",
        "\\boxed{\\text{True, False, True}}"
      ],
      "short": [
        "",
        "",
        "### Question 1: Explain the difference between supervised and unsupervised learning.",
        "",
        "** Supervised learning** is a type of machine learning where the model is trained on a labeled dataset. This means that each piece of data in the training set comes with a known output or label. The goal is to learn a mapping function from inputs to outputs so that the model can make accurate predictions for new, unseen data.",
        "",
        "**Unsupervised learning**, on the other hand, involves training the model on an unlabeled dataset. This means the data does not come with any known outputs or labels. The goal here is to find patterns, structures, or relationships in the data that the model can then use to gain insights or make new predictions.",
        "",
        "### Question 2: How does feature selection affect the performance of a machine learning model?",
        "",
        "**Feature selection** is an important step in the data cleaning and preparation process for machine learning. It involves choosing a subset of relevant features from the original set of data attributes. Choosing irrelevant or redundant features can lead to overfitting, reduced model interpretability, and decreased computational efficiency.",
        "",
        "Effectively selecting relevant features can significantly improve the performance of a machine learning model by reducing noise, improving accuracy, and speeding up training and inference processes. However, feature selection also requires domain knowledge and careful consideration to ensure that the chosen features are indeed meaningful and useful for the specific problem at hand.",
        "",
        "**Summary**: ",
        "1. supervised learning uses labeled data to learn mappings between inputs and outputs.",
        "2. Unsupervised learning identifies patterns and structures in unlabeled data without any prior knowledge of outcomes.",
        "",
        " feature selection impacts a machine learning model by improving its performance, interpretability, and efficiency by reducing the number of input features and eliminating irrelevant or redundant ones.",
        "",
        "**Conclusion**: ",
        "",
        "\\boxed{ \"Feature selection impacts a machine learning model by improving its performance, interpretability, and efficiency by reducing the number of input features and eliminating irrelevant or redundant ones.\" }"
      ],
      "long": [
        "",
        "To generate a long answer question about MachineLearning for a beginner level, let's break down the topic into key points and create a question based on these points.",
        "",
        "### Key Points:",
        "1. **Machine learning**: A method of data analysis that automates the building of model expressions from data.",
        "2. **Supervised learning**: A type of machine learning where the model is trained using labeled input data, i.e., data with known outcomes.",
        "3. **Unsupervised learning**: A type of machine learning where the model is trained using unlabeled input data, i.e., data without known outcomes.",
        "4. **Reinforcement learning**: A type of machine learning where the model learns by receiving rewards and penalties from its environment.",
        "",
        "Now, let's create a question based on these key points:",
        "",
        "### Question:",
        "What is the primary use case for unsupervised learning in Machine Learning?",
        "",
        "### Answer:",
        "The primary use case for unsupended learning in Machine learning is to find hidden patterns or structures in the data without any labeled outcomes. Unsupervised learning algorithms can be used for a variety of tasks such as anomaly detection, customer segmentation, and recommendation systems. By identifying these patterns, we can gain insights into the data that would be difficult to uncover otherwise.",
        "",
        "For example, in customer segmentation, unsupervised learning can be used to group customers based on their purchasing behavior, helping businesses to target specific segments more effectively. In anomaly detection, unsupended learning can help identify unusual patterns or behaviors that may indicate a problem or an anomaly in the data, which can then be Investigated and handled appropriately.",
        "",
        "In summary, the primary use case for unsupervised learning is to discover hidden patterns or structures in the data without any labeled outcomes. This can be useful in a wide range of applications such as customer segmentation, anomaly detection, and recommendation systems.",
        "",
        "The final answer is:",
        "",
        "\\boxed{\\text{To find hidden patterns or structures in the data without any labeled outcomes.}}"
      ]
    }
  }
}